id,name,category,unit_type,kcal_per_unit,protein_per_unit,carbs_per_unit,fat_per_unit,estimated_price_per_unit_gbp,allergen_keys
89e57d33-dd9a-406a-a4ba-4c5e81423d0e,"Squash, spaghetti, peeled, seeded, raw",Vegetables and Vegetable Products,per_100g,3.168,"0.792","0","0","0.2",{}
9355467f-1005-4a40-bd78-d0b8b68462bb,"Juice, tart cherry, from concentrate, shelf-stable",Fruits and Fruit Juices,per_100g,"0.588","0.147","0","0","0.3",{}
75426eb1-df4a-4274-a1da-c839014f6e4a,"Juice, pomegranate, from concentrate, shelf-stable",Fruits and Fruit Juices,per_100g,"0.0","0.0","0","0","0.3",{}
a8710577-8f93-4381-8cf9-7a94a60dd2ff,"Juice, prune, shelf-stable",Fruits and Fruit Juices,per_100g,1.692,"0.423","0","0","0.3",{}
dfb81466-0896-4824-9074-e97cc9dd4de0,"Eggs, Grade A, Large, egg white",Dairy and Egg Products,per_100g,52.24,10.7,2.36,"0.0","0.4",{}
af3165ab-15af-4048-822d-10f074e4bc69,"Shallots, bulb, peeled, root removed, raw",Vegetables and Vegetable Products,per_100g,5.52,1.38,"0","0","0.2",{}
be63b2dc-e14a-4627-b038-60b90e82e214,"Green onion, (scallion), bulb and greens, root removed, raw",Vegetables and Vegetable Products,per_100g,2.676,"0.669","0","0","0.2",{}
a53842af-939e-4013-9847-13df58977b45,"Rutabaga, peeled, raw",Vegetables and Vegetable Products,per_100g,3.552,"0.888","0","0","0.2",{}
d53bd2cd-3996-48cc-b973-1c69f48c3896,"Blackberries, raw",Fruits and Fruit Juices,per_100g,6.12,1.53,"0","0","0.3",{}
192944f9-28b0-42f2-adb1-bd51b6235f1b,"Tomatillos, dehusked, raw",Vegetables and Vegetable Products,per_100g,4.24,1.06,"0","0","0.2",{}
64a28122-3cd0-4b02-b67d-39c834416e6a,"Cabbage, napa, leaf, destemmed, raw",Vegetables and Vegetable Products,per_100g,4.24,1.06,"0","0","0.2",{}
330a3c8b-74ea-4e78-bb45-3ad66659d241,"Leeks, bulb and greens, root removed, raw",Vegetables and Vegetable Products,per_100g,5.88,1.47,"0","0","0.2",{}
86647a8b-c53b-454e-ae6b-2995299c3a08,"Pawpaw, peeled, seeded, raw",Fruits and Fruit Juices,per_100g,"4.60",1.15,"0","0","0.3",{}
883ef180-4c2a-4b1b-aa9c-d2aeb03a0eec,"Squash, pie pumpkin, peeled, seeded, raw",Vegetables and Vegetable Products,per_100g,3.416,"0.854","0","0","0.2",{}
5aa1ef95-babc-4ada-8d48-ff769ef10520,"Onions, yellow, raw",Vegetables and Vegetable Products,per_100g,38.21,"0.83",8.61,"0.05","0.2",{}
b13019ea-8d90-4c29-9faa-25a43c139c82,"Lettuce, romaine, green, raw",Vegetables and Vegetable Products,per_100g,20.787,"0.977",4.06,"0.071","0.2",{}
9857ad7f-8695-4f84-8ef2-2b083773c8b8,"Lettuce, iceberg, raw",Vegetables and Vegetable Products,per_100g,17.114,"0.742",3.37,"0.074","0.2",{}
bda8b079-77df-469c-82c7-d54996d6eca8,"Milk, nonfat, fluid, with added vitamin A and vitamin D (fat free or skim)",Dairy and Egg Products,per_100g,34.12,3.43,4.92,"0.08","0.4",{}
32099348-9bfb-436b-9fe3-dd463c85fd59,"Yogurt, plain, nonfat",Dairy and Egg Products,per_100g,50.023,4.23,8.08,"0.087","0.4",{}
e92f164f-bec9-45e4-ad5b-46f9e383581d,"Onions, red, raw",Vegetables and Vegetable Products,per_100g,44.38,"0.94",9.93,"0.1","0.2",{}
8ff12936-fb49-4ee5-a3ad-a1ba2e6b6072,"Apples, honeycrisp, with skin, raw",Fruits and Fruit Juices,per_100g,60.108,"0.102",14.7,"0.1","0.3",{}
303bf2ad-9777-48fc-81d3-988bbb427853,"Lettuce, leaf, red, raw",Vegetables and Vegetable Products,per_100g,17.526,"0.883",3.26,"0.106","0.2",{}
"0b6e20f5-1b60-4a34-9f63-8c7a8a076f13","Peppers, bell, green, raw",Vegetables and Vegetable Products,per_100g,22.934,"0.715",4.78,"0.106","0.2",{}
a47ea1cd-53e5-443c-962c-67cedfbe6fb2,"Eggplant, raw",Vegetables and Vegetable Products,per_100g,26.088,"0.852",5.4,"0.12","0.2",{}
9fe49c51-ec20-4120-87bd-f2768acafe1a,"Peppers, bell, yellow, raw",Vegetables and Vegetable Products,per_100g,30.765,"0.819",6.6,"0.121","0.2",{}
29d78852-c965-40d2-9624-7176a3299551,"Peppers, bell, red, raw",Vegetables and Vegetable Products,per_100g,31.318,"0.896",6.65,"0.126","0.2",{}
7cacd41e-0849-4e90-83b7-4ae3cc268f59,"Onions, white, raw",Vegetables and Vegetable Products,per_100g,35.45,"0.89",7.68,"0.13","0.2",{}
c9942d4f-7a3c-442e-89f8-8a86fe9825f8,"Squash, summer, yellow, includes skin, raw",Vegetables and Vegetable Products,per_100g,22.339,"0.891",4.39,"0.135","0.2",{}
df92c78d-0ad6-4f2a-bcb0-721707525766,"Carrots, baby, raw",Vegetables and Vegetable Products,per_100g,40.782,"0.805",9.08,"0.138","0.2",{}
17d827d8-fd13-4052-8d38-10c634ddcef5,"Apples, granny smith, with skin, raw",Fruits and Fruit Juices,per_100g,58.706,"0.266",14.1,"0.138","0.3",{}
414875e9-2816-4613-bff3-a8bfacc6098d,"Yogurt, Greek, strawberry, nonfat",Dairy and Egg Products,per_100g,82.39,8.06,12.2,"0.15","0.4",{}
5b1f42e3-ac54-432e-9eaa-08cdc90c186a,"Oranges, raw, navels",Fruits and Fruit Juices,per_100g,52.19,"0.91",11.8,"0.15","0.3",{}
37d6b424-4224-4c52-b8cd-9272b36f6b7a,"Apples, gala, with skin, raw",Fruits and Fruit Juices,per_100g,61.082,"0.133",14.8,"0.15","0.3",{}
5be1ac12-32d9-4f55-a40d-0665ad452286,"Peppers, bell, orange, raw",Vegetables and Vegetable Products,per_100g,31.732,"0.882",6.7,"0.156","0.2",{}
"05abe96d-b45e-4462-b130-3c0d34ff4cbd","Lettuce, leaf, green, raw",Vegetables and Vegetable Products,per_100g,22.044,1.09,4.07,"0.156","0.2",{}
4c8473ae-f505-4f57-8df7-ea2952f81bce,"Egg, white, raw, frozen, pasteurized",Dairy and Egg Products,per_100g,"44.80",10.1,"0.74","0.16","0.4",{}
b09a32ac-e4d2-4bf0-b65c-9ab6e905df50,"Pears, raw, bartlett",Fruits and Fruit Juices,per_100g,63.36,"0.38",15.1,"0.16","0.3",{}
f1cd1155-2261-48c8-8059-32d3aa4f03bf,"Celery, raw",Vegetables and Vegetable Products,per_100g,16.706,"0.492",3.32,"0.162","0.2",{}
b5817062-f7d8-447c-9241-1a03bb81d9a9,"Applesauce, unsweetened, with added vitamin C",Fruits and Fruit Juices,per_100g,"51.750","0.273",12.3,"0.162","0.3",{}
37b0f5c6-11e7-4033-9a26-d2789cfe7712,"Apples, fuji, with skin, raw",Fruits and Fruit Juices,per_100g,"64.850","0.148",15.7,"0.162","0.3",{}
c407c18e-6d8c-4bd5-b483-16b5b80afab7,"Grapes, red, seedless, raw",Fruits and Fruit Juices,per_100g,85.932,"0.914",20.2,"0.164","0.3",{}
5d3c0d9d-5e77-4a2e-a278-b94eb02610c9,"Squash, winter, butternut, raw",Vegetables and Vegetable Products,per_100g,48.112,1.15,10.5,"0.168","0.2",{}
d3be653b-0cbb-4ab7-b75c-5f4e8f22f847,"Cucumber, with peel, raw",Vegetables and Vegetable Products,per_100g,15.902,"0.625",2.95,"0.178","0.2",{}
9d0701d3-d08f-4bcc-b124-37860d0a1239,"Melons, cantaloupe, raw",Fruits and Fruit Juices,per_100g,37.54,"0.82",8.16,"0.18","0.3",{}
77d870c2-af09-4972-8e13-da83638c09ca,"Squash, winter, acorn, raw",Vegetables and Vegetable Products,per_100g,48.638,1.25,10.5,"0.182","0.2",{}
5f188888-e47c-4879-86f6-1910f9cafa79,"Raspberries, raw",Fruits and Fruit Juices,per_100g,57.332,1.01,12.9,"0.188","0.3",{}
16d978c2-a484-4d47-8b86-84e6b36f8b74,"Mushroom, oyster",Vegetables and Vegetable Products,per_100g,41.052,2.9,6.94,"0.188","0.2",{}
9d4cd412-2e45-489b-8334-13e25fa703db,"Sauce, salsa, ready-to-serve","Soups, Sauces, and Gravies",per_100g,34.43,1.44,6.74,"0.19","0.3",{}
607146af-7bad-4005-bde0-f332c0a425f3,"Cherries, sweet, dark red, raw",Fruits and Fruit Juices,per_100g,70.688,1.04,16.2,"0.192","0.3",{}
8191c4fa-0dfd-4a2a-832a-c689fcb85d24,"Mushrooms, shiitake",Vegetables and Vegetable Products,per_100g,44.075,2.41,8.17,"0.195","0.2",{}
908a16aa-bd2b-4f2c-bd91-b7bc7afdc742,"Mushroom, crimini",Vegetables and Vegetable Products,per_100g,30.173,3.09,4.01,"0.197","0.2",{}
69542815-89bc-45fe-badd-6891e8209169,"Squash, summer, green, zucchini, includes skin, raw",Vegetables and Vegetable Products,per_100g,18.861,"0.984",3.27,"0.205","0.2",{}
a696e8ba-e705-4b8d-8023-757262b0b9fa,"Tomatoes, whole, canned, solids and liquids, with salt added",Vegetables and Vegetable Products,per_100g,22.486,"0.868",4.29,"0.206","0.2",{}
bd33af9b-1c0b-4f42-a928-09596d37393e,"Pineapple, raw",Fruits and Fruit Juices,per_100g,60.143,"0.461",14.1,"0.211","0.3",{}
91cfcabc-96e8-44b1-987c-ca7116c13c27,"Apples, red delicious, with skin, raw",Fruits and Fruit Juices,per_100g,"61.860","0.188",14.8,"0.212","0.3",{}
ca62118a-d93a-4796-bec0-8446a934ab36,"Cabbage, red, raw",Vegetables and Vegetable Products,per_100g,34.046,1.24,6.79,"0.214","0.2",{}
4d53f8e0-d349-424b-a84d-4de64c3de281,"Asparagus, green, raw",Vegetables and Vegetable Products,per_100g,28.104,1.44,5.1,"0.216","0.2",{}
86bbaf85-276b-4559-8cf9-7870ae1284c1,"Melons, honeydew, raw",Fruits and Fruit Juices,per_100g,36.668,"0.531",8.15,"0.216","0.3",{}
453ea5b4-b80e-48c9-93ef-edf8cb255d85,"Strawberries, raw",Fruits and Fruit Juices,per_100g,36.384,"0.641",7.96,"0.22","0.3",{}
62c2c6fb-e319-4965-a26b-264f01bcf6bd,"Bananas, overripe, raw",Fruits and Fruit Juices,per_100g,"85.30","0.73",20.1,"0.22","0.3",{}
f7aaa20b-11f5-4273-9072-a1f9ef1e93ef,"Cabbage, green, raw",Vegetables and Vegetable Products,per_100g,31.416,"0.961",6.38,"0.228","0.2",{}
7999e1a5-455d-496f-a379-3a7ef9940e5c,"Grapes, green, seedless, raw",Fruits and Fruit Juices,per_100g,80.084,"0.899",18.6,"0.232","0.3",{}
deb6a06a-a6f6-4499-8477-743c588fb34a,"Cabbage, bok choy, raw",Vegetables and Vegetable Products,per_100g,20.226,1.02,3.51,"0.234","0.2",{}
bd3aead6-3f7a-4438-887d-c23d8c7f4324,"Cauliflower, raw",Vegetables and Vegetable Products,per_100g,27.582,1.64,4.72,"0.238","0.2",{}
293d8c74-cf7e-4944-a00c-1057734615c2,"Mushroom, pioppini",Vegetables and Vegetable Products,per_100g,"39.20",3.5,5.76,"0.24","0.2",{}
d455d42f-c8de-4369-9f00-1f2293df0f19,"Mushroom, enoki",Vegetables and Vegetable Products,per_100g,44.445,2.42,8.14,"0.245","0.2",{}
3caa34bb-718f-4b95-a27e-c8b987d436fc,"Potatoes, red, without skin, raw",Vegetables and Vegetable Products,per_100g,75.672,2.06,16.3,"0.248","0.2",{}
273a4014-7002-438d-9486-ad9b1e5c9a18,"Mushroom, lion's mane",Vegetables and Vegetable Products,per_100g,42.664,2.5,7.59,"0.256","0.2",{}
bc83b81c-0294-4650-a551-49e471971954,"Lettuce, cos or romaine, raw",Vegetables and Vegetable Products,per_100g,20.26,1.24,3.24,"0.26","0.2",{}
344cab47-898f-4ff2-886b-d68ed92929a5,"Potatoes, gold, without skin, raw",Vegetables and Vegetable Products,per_100g,73.616,1.81,"16.0","0.264","0.2",{}
a7285c39-933f-434a-8eb1-e5ed7887b048,"Mushroom, maitake",Vegetables and Vegetable Products,per_100g,37.585,2.2,6.6,"0.265","0.2",{}
887a6e3d-de89-4b79-848d-eebed5aae934,"Grape juice, white, with added vitamin C, from concentrate, shelf stable",Fruits and Fruit Juices,per_100g,65.961,"0.094",15.8,"0.265","0.3",{}
32b3297d-73b2-4b5f-bf54-2f24d4376517,"Tomato, puree, canned",Vegetables and Vegetable Products,per_100g,40.865,1.58,8.04,"0.265","0.2",{}
"0ea4b088-d77f-484b-a3b9-f77019005c50","Grapefruit juice, red, not fortified, not from concentrate, refrigerated",Fruits and Fruit Juices,per_100g,41.083,"0.57",9.1,"0.267","0.3",{}
5e6aa7ed-844f-47a5-9101-9111013381ef,"Peaches, yellow, raw",Fruits and Fruit Juices,per_100g,46.47,"0.91",10.1,"0.27","0.3",{}
c7161547-87a6-443c-8b1d-8cd6bc236f93,"Beans, snap, green, raw",Vegetables and Vegetable Products,per_100g,39.995,1.97,7.41,"0.275","0.2",{}
2231ea17-3ac9-4954-b968-7c787415eb52,"Nectarines, raw",Fruits and Fruit Juices,per_100g,43.48,1.06,9.18,"0.28","0.3",{}
4f6ac4d4-2b0b-440c-87a2-428343ecb16b,"Plum, black, with skin, raw",Fruits and Fruit Juices,per_100g,"58.850","0.578",13.5,"0.282","0.3",{}
1d8e60d9-1f28-4766-9472-059dceaf2962,"Apple juice, with added vitamin C, from concentrate, shelf stable",Fruits and Fruit Juices,per_100g,48.518,"0.086",11.4,"0.286","0.3",{}
a33eb0fc-71c1-4258-bb86-072ac8ed76d0,"Tomato juice, with added ingredients, from concentrate, shelf stable",Vegetables and Vegetable Products,per_100g,23.308,"0.859",4.32,"0.288","0.2",{}
32c452b4-e978-4c55-896e-1300bfa8b9da,"Grape juice, purple, with added vitamin C, from concentrate, shelf stable",Fruits and Fruit Juices,per_100g,66.024,"0.258",15.6,"0.288","0.3",{}
16d6ad5c-686d-4f74-acf4-660be9fc4431,"Bananas, ripe and slightly ripe, raw",Fruits and Fruit Juices,per_100g,97.57,"0.74","23.0","0.29","0.3",{}
7562e83a-4882-46b3-bd67-f10c9f40011f,"Beets, raw",Vegetables and Vegetable Products,per_100g,44.638,1.69,8.79,"0.302","0.2",{}
6f53e546-bf80-4034-882b-e5d6bfef7265,"Blueberries, raw",Fruits and Fruit Juices,per_100g,63.966,"0.703",14.6,"0.306","0.3",{}
"0d48ae18-aa52-45c5-a5d1-7a35fcb13a4c","Mushroom, king oyster",Vegetables and Vegetable Products,per_100g,46.412,2.41,8.5,"0.308","0.2",{}
c0aa3343-6b0a-46d7-923b-bb7481d4c0b3,"Mushroom, portabella",Vegetables and Vegetable Products,per_100g,32.448,2.75,4.66,"0.312","0.2",{}
48991c88-6e70-4c90-bb33-5dbfe232c28c,"Sugars, granulated",Sweets,per_100g,401.28,"0.0",99.6,"0.32","0.4",{}
cd09e575-419a-4b34-ba70-6b8f9b2c3bb2,"Orange juice, no pulp, not fortified, from concentrate, refrigerated",Fruits and Fruit Juices,per_100g,47.061,"0.734",10.3,"0.325","0.3",{}
ffaeb041-2685-4848-a449-6056522d4798,"Arugula, baby, raw",Vegetables and Vegetable Products,per_100g,31.005,1.65,5.37,"0.325","0.2",{}
893b1b42-a64d-49e0-9749-8e299652bba9,"Cranberry juice, not fortified, from concentrate, shelf stable",Fruits and Fruit Juices,per_100g,32.082,"0.0",7.26,"0.338","0.3",{}
7640df2c-2756-432e-ba66-0c5e93922464,"Broccoli, raw",Vegetables and Vegetable Products,per_100g,38.42,2.57,6.27,"0.34","0.2",{}
c2961d62-09e9-47ef-a813-4d5b99339154,"Carrots, mature, raw",Vegetables and Vegetable Products,per_100g,48.123,"0.941",10.3,"0.351","0.2",{}
492a9856-e1b0-437e-8762-cb57d3a6b09f,"Orange juice, no pulp, not fortified, not from concentrate, refrigerated",Fruits and Fruit Juices,per_100g,46.452,"0.812","10.0","0.356","0.3",{}
dd502350-062c-4ddc-8eae-552629d05173,"Potatoes, russet, without skin, raw",Vegetables and Vegetable Products,per_100g,83.52,2.27,17.8,"0.36","0.2",{}
1e91f3de-a3be-496d-9a26-af0f0dc1f16f,"Yogurt, Greek, plain, nonfat",Dairy and Egg Products,per_100g,59.09,10.3,3.64,"0.37","0.4",{}
87cf0cce-1529-4fa3-b3b8-8d080e6eb291,"Pear, Anjou, green, with skin, raw",Fruits and Fruit Juices,per_100g,63.787,"0.312",14.8,"0.371","0.3",{}
87de89ef-cfc2-4f48-b790-870683ff3c66,"Mushrooms, white button",Vegetables and Vegetable Products,per_100g,31.219,2.89,4.08,"0.371","0.2",{}
148c135c-40b5-450a-818c-58f01f3216fe,"Sweet potatoes, orange flesh, without skin, raw",Vegetables and Vegetable Products,per_100g,78.895,1.58,17.3,"0.375","0.2",{}
ad6b0169-fbbd-4d03-89e5-2ed23fe018fc,"Garlic, raw",Vegetables and Vegetable Products,per_100g,"142.70",6.62,28.2,"0.38","0.2",{}
bd800d9f-1767-46e2-9db3-a3c2be6c4fc2,"Tomato, sauce, canned, with salt added",Vegetables and Vegetable Products,per_100g,34.158,1.35,6.33,"0.382","0.2",{}
7990a0f2-5463-42d2-81a1-5f802981a3e5,"Beans, snap, green, canned, regular pack, drained solids",Vegetables and Vegetable Products,per_100g,24.11,1.04,4.11,"0.39","0.2",{}
c3732a3e-c663-4f6a-93fa-8723ab30c2a6,"Tomatoes, crushed, canned",Vegetables and Vegetable Products,per_100g,37.902,1.44,7.14,"0.398","0.2",{}
7b4ae9f8-0dd6-4d34-991a-66ff7e22ccdc,"Apricot, with skin, raw",Fruits and Fruit Juices,per_100g,48.289,"0.961",10.2,"0.405","0.3",{}
df66926c-1736-4f53-9bf8-8166e297b9d2,"Fish, pollock, raw",Finfish and Shellfish Products,per_100g,52.89,12.3,"0.0","0.41",1.2,{}
876618e7-084f-45df-8313-ecfd63a4b7f7,"Tomato, roma",Vegetables and Vegetable Products,per_100g,21.969,"0.696",3.84,"0.425","0.2",{}
a832722a-2c02-44ba-9a8d-22a3c444717a,"Pickles, cucumber, dill or kosher dill",Vegetables and Vegetable Products,per_100g,13.75,"0.48",1.99,"0.43","0.2",{}
361ca24a-eef2-49f7-98c8-47264860786d,"Kiwifruit, green, raw",Fruits and Fruit Juices,per_100g,"64.20",1.06,"14.0","0.44","0.3",{}
8d95106d-7654-4e19-bded-5b805e6acbaa,"Mushroom, beech",Vegetables and Vegetable Products,per_100g,39.801,2.18,6.76,"0.449","0.2",{}
5700d142-8650-40a4-913e-7f9c97f6ed94,"Fish, haddock, raw",Finfish and Shellfish Products,per_100g,69.25,16.3,"0.0","0.45",1.2,{}
f3ffd1b5-8b40-4254-81e1-ba32ae45330b,"Mandarin, seedless, peeled, raw",Fruits and Fruit Juices,per_100g,61.882,1.04,13.4,"0.458","0.3",{}
641437d2-c150-4da4-af97-32d9e3abbb17,"Carrots, frozen, unprepared",Vegetables and Vegetable Products,per_100g,39.15,"0.81",7.92,"0.47","0.2",{}
5d29029f-e5d4-490d-aa78-ef0183631112,"Flour, cassava",Vegetables and Vegetable Products,per_100g,357.318,"0.918",87.3,"0.494","0.2",{}
6a0661f1-6d3c-4050-bd1e-466587f2b661,"Tomatoes, canned, red, ripe, diced",Vegetables and Vegetable Products,per_100g,21.14,"0.84",3.32,"0.5","0.2",{}
4d0a76e4-b7e0-449b-9928-7081cf82dc5e,"Ketchup, restaurant",Vegetables and Vegetable Products,per_100g,116.59,1.11,26.8,"0.55","0.2",{}
2911efa9-283b-4f93-839b-73052b6d89de,"Brussels sprouts, raw",Vegetables and Vegetable Products,per_100g,59.485,3.98,9.62,"0.565","0.2",{}
707d08b7-c6af-4a61-bcbf-6ebba69a9dfa,"Mango, Tommy Atkins, peeled, raw",Fruits and Fruit Juices,per_100g,68.596,"0.562",15.3,"0.572","0.3",{}
88cb3393-686f-4706-99ca-3ad1282fe6e9,"Spinach, mature",Vegetables and Vegetable Products,per_100g,27.636,2.91,2.64,"0.604","0.2",{}
677e50eb-f97e-4acf-b90d-8415b3a8e43c,"Spinach, baby",Vegetables and Vegetable Products,per_100g,26.611,2.85,2.41,"0.619","0.2",{}
e0435279-ed1f-4d09-8d57-dbcf643f2804,"Tomatoes, grape, raw",Vegetables and Vegetable Products,per_100g,31.03,"0.83",5.51,"0.63","0.2",{}
c57bdfe5-9817-416c-90cb-9ed3bcb25ae0,"Kiwifruit (kiwi), green, peeled, raw",Fruits and Fruit Juices,per_100g,"65.00",1.01,13.8,"0.64","0.3",{}
922525c7-2f60-4d7a-b159-d2d848085764,"Egg, white, dried",Dairy and Egg Products,per_100g,349.53,79.9,6.02,"0.65","0.4",{}
531bf874-8736-49dc-a5f6-9ddacdf22397,"Fish, cod, Atlantic, wild caught, raw",Finfish and Shellfish Products,per_100g,70.412,16.1,"0.0","0.668",1.2,{}
7b7938f6-f78e-4837-9841-3af1cf731a0e,"Mango, Ataulfo, peeled, raw",Fruits and Fruit Juices,per_100g,78.481,"0.688",17.4,"0.681","0.3",{}
d3e1f9cc-d844-4a32-8c05-de5c55eb5fa8,"Plantains, underripe, raw",Fruits and Fruit Juices,per_100g,145.485,1.23,33.6,"0.685","0.3",{}
fbc106d8-eab5-4069-95e4-79814047ca92,"Grapefruit juice, white, canned or bottled, unsweetened",Fruits and Fruit Juices,per_100g,38.86,"0.55",7.59,"0.7","0.3",{}
5021160a-57a4-457b-9354-a53e32023bbd,"Tomato, paste, canned, without salt added",Vegetables and Vegetable Products,per_100g,104.308,4.23,20.2,"0.732","0.2",{}
cb8c24d9-bcd7-4080-82d6-b84c4a12512f,"Collards, raw",Vegetables and Vegetable Products,per_100g,46.89,2.97,7.02,"0.77","0.2",{}
d4e7d9c2-c852-4b89-8ce5-5dc76b54ac13,"Crustaceans, shrimp, farm raised, raw",Finfish and Shellfish Products,per_100g,71.549,15.6,"0.485","0.801",1.2,{}
f9b8f63c-e616-4935-a1a4-2c29b661bcce,"Crustaceans, crab, blue swimming, lump, pasteurized, refrigerated",Finfish and Shellfish Products,per_100g,81.672,18.6,"0.0","0.808",1.2,{}
43709b3c-1a42-4bd7-b8ee-6c8a01e45f55,"Beans, Dry, Flor de Mayo (0% moisture)",Legumes and Legume Products,per_100g,100.94,23.3,"0","0.86","0.3",{}
cb999340-18d8-4195-bafb-71769923b43c,"Plantains, ripe, raw",Fruits and Fruit Juices,per_100g,136.677,1.16,"31.0","0.893","0.3",{}
9d8eec0e-9aa4-4d3f-bece-a6fa5943bc88,"Figs, dried, uncooked",Fruits and Fruit Juices,per_100g,277.08,3.3,63.9,"0.92","0.3",{}
2160b98f-e899-4d3d-8377-ddb8a130ae2d,"Fish, tuna, light, canned in water, drained solids",Finfish and Shellfish Products,per_100g,84.78,"19.0","0.08","0.94",1.2,{}
72e6ff75-8eed-42a8-acb9-426ce6581699,"Milk, lowfat, fluid, 1% milkfat, with added vitamin A and vitamin D",Dairy and Egg Products,per_100g,42.79,3.38,5.18,"0.95","0.4",{}
cbcff89d-1fb3-4189-9238-87ff8e4be9fa,"Flour, potato",Vegetables and Vegetable Products,per_100g,360.599,8.11,79.9,"0.951","0.2",{}
"0010fdc0-76d9-4861-8bec-904393d9dd5b","Plantains, overripe, raw",Fruits and Fruit Juices,per_100g,130.39,1.17,29.2,"0.99","0.3",{}
349a9bad-8631-4646-b859-f589b227a943,"Rice, white, long grain, unenriched, raw",Cereal Grains and Pasta,per_100g,358.63,7.04,80.3,1.03,"0.2",{}
3e47052d-bf9d-47c6-95e0-8290b60dc24f,"Beans, Dry, Light Red Kidney (0% moisture)",Legumes and Legume Products,per_100g,109.27,"25.0","0",1.03,"0.3",{}
fbc29efc-baf4-4e81-aad3-5b29555b6551,"Beans, Dry, Medium Red (0% moisture)",Legumes and Legume Products,per_100g,111.36,25.5,"0",1.04,"0.3",{}
acb6309f-9ee9-4d5f-ac1f-4ac0fa8a5e4e,"Buttermilk, low fat",Dairy and Egg Products,per_100g,"42.80",3.46,4.81,1.08,"0.4",{}
22830495-8d95-4d4c-8675-0f935b5d09e8,"Beans, Dry, Brown (0% moisture)",Legumes and Legume Products,per_100g,112.48,25.6,"0",1.12,"0.3",{}
71153b18-d806-4054-835c-ff0dbef3e14f,"Beans, Dry, Tan (0% moisture)",Legumes and Legume Products,per_100g,117.46,26.8,"0",1.14,"0.3",{}
2b7a5cf5-3c7a-4b58-a1db-d94a3522e465,"Peas, green, sweet, canned, sodium added, sugar added, drained and rinsed",Vegetables and Vegetable Products,per_100g,80.07,4.73,12.7,1.15,"0.2",{}
2dccfcf7-1bd0-474a-a551-fa876f3885e0,"Flour, rice, glutinous",Cereal Grains and Pasta,per_100g,"357.60",6.69,80.1,1.16,"0.2",{}
e9abd9a7-897a-46c6-b983-388d5954cd1e,"Beans, Dry, Red (0% moisture)",Legumes and Legume Products,per_100g,95.64,21.3,"0",1.16,"0.3",{}
408742b8-1b5a-49d3-98af-1aaf3226f18e,"Beans, cannellini, canned, sodium added, drained and rinsed",Legumes and Legume Products,per_100g,115.37,7.41,18.8,1.17,"0.3",{}
683b0ed3-ced2-476d-ac6f-8a014ec7fdd7,"Beans, Dry, Pink (0% moisture)",Legumes and Legume Products,per_100g,104.4,23.4,"0",1.2,"0.3",{}
8fa91c6d-32df-4d00-82f7-e058c5bf4cb2,"Kale, frozen, cooked, boiled, drained, without salt",Vegetables and Vegetable Products,per_100g,43.85,2.94,5.3,1.21,"0.2",{}
b7125198-52b5-4064-a9f3-e2db3dc98654,"Almond milk, unsweetened, plain, shelf stable",Beverages,per_100g,14.548,"0.555","0.337",1.22,"0.1",{}
1bd6b524-9511-4585-8573-66cf035d7e9b,"Beans, Dry, Cranberry (0% moisture)",Legumes and Legume Products,per_100g,108.67,24.4,"0",1.23,"0.3",{}
ab2a3646-e24b-4e88-9323-ff4967f8b432,"Beans, Dry, Pinto (0% moisture)",Legumes and Legume Products,per_100g,105.96,23.7,"0",1.24,"0.3",{}
bdb661f6-74b1-4365-9524-d42a72994596,"Beans, Dry, Great Northern (0% moisture)",Legumes and Legume Products,per_100g,109.96,24.7,"0",1.24,"0.3",{}
6a31a03b-2ba2-44ed-b2e5-f077e0d0c81c,"Beans, kidney, dark red, canned, sodium added, sugar added, drained and rinsed",Legumes and Legume Products,per_100g,126.54,7.8,"21.0",1.26,"0.3",{}
3c411e75-cf6a-4a52-8882-4f912b911ced,"Beans, black, canned, sodium added, drained and rinsed",Legumes and Legume Products,per_100g,118.27,6.91,19.8,1.27,"0.3",{}
e1786a6a-0cd4-4847-80a7-6924927524a7,"Beans, great northern, canned, sodium added, drained and rinsed",Legumes and Legume Products,per_100g,116.75,7.03,19.3,1.27,"0.3",{}
63876963-b70d-4e04-b380-3e514c3c7fcf,"Beans, pinto, canned, sodium added, drained and rinsed",Legumes and Legume Products,per_100g,116.59,6.69,19.6,1.27,"0.3",{}
15949518-0d78-40fb-918c-59ff862c9f8b,"Beans, Dry, Small Red (0% moisture)",Legumes and Legume Products,per_100g,105.52,23.5,"0",1.28,"0.3",{}
7bb881c3-7f94-4475-97a7-32bf5930273e,"Beans, Dry, Light Tan (0% moisture)",Legumes and Legume Products,per_100g,109.92,24.6,"0",1.28,"0.3",{}
a502b43f-afd1-4f79-9859-529ab9ddf520,"Blackeye pea, canned, sodium added, drained and rinsed",Legumes and Legume Products,per_100g,116.18,6.92,19.2,1.3,"0.3",{}
a0f685bd-f0ba-4bcb-bbc7-d0bb0dade5c7,"Beans, kidney, light red, canned, sodium added, sugar added, drained and rinsed",Legumes and Legume Products,per_100g,126.54,7.31,21.4,1.3,"0.3",{}
6241d34a-19ab-4170-b7b7-e94d0b39de88,"Flour, rice, white, unenriched",Cereal Grains and Pasta,per_100g,358.66,6.94,79.8,1.3,"0.2",{}
226ad9ea-75a8-422a-b981-071010931442,"Beans, Dry, Dark Red Kidney (0% moisture)",Legumes and Legume Products,per_100g,115.39,25.9,"0",1.31,"0.3",{}
b4ac8977-b94c-40b1-a820-960cec5b1df4,"Beans, Dry, Small White (0% moisture)",Legumes and Legume Products,per_100g,109.88,24.5,"0",1.32,"0.3",{}
"0a8e88de-4b87-42c8-98bb-748f3fe86d4b","Beans, navy, canned, sodium added, drained and rinsed",Legumes and Legume Products,per_100g,118.88,6.57,"20.0",1.4,"0.3",{}
ac388736-e725-4e6b-ae89-1bd2b63401ea,"Beans, Dry, Carioca (0% moisture)",Legumes and Legume Products,per_100g,113.76,25.2,"0",1.44,"0.3",{}
5251a620-b6a9-4d48-8105-0c98e1b67e6f,"Beans, Dry, Black (0% moisture)",Legumes and Legume Products,per_100g,110.65,24.4,"0",1.45,"0.3",{}
6de0a3fb-a2c8-4980-8c12-8ec84d2ac2bb,"Flour, wheat, all-purpose, enriched, unbleached",Cereal Grains and Pasta,per_100g,358.52,13.1,73.2,1.48,"0.2",{}
a2a6e7f8-3743-4ec8-ace6-620e00275a28,"Sauce, pasta, spaghetti/marinara, ready-to-serve","Soups, Sauces, and Gravies",per_100g,51.16,1.41,8.05,1.48,"0.3",{}
3b528aa1-71c6-4add-bae5-c296e74fba6a,"Flour, wheat, all-purpose, enriched, bleached",Cereal Grains and Pasta,per_100g,366.12,10.9,77.3,1.48,"0.2",{}
c432aefd-ab0d-4afa-94f6-81f998917d5e,"Kale, raw",Vegetables and Vegetable Products,per_100g,42.77,2.92,4.42,1.49,"0.2",{}
872197b8-0160-43a1-88ad-46d79c73eb04,"Beans, Dry, Navy (0% moisture)",Legumes and Legume Products,per_100g,109.99,24.1,"0",1.51,"0.3",{}
e6590a74-bf7a-4bb0-8c5c-771a09b4798c,"Flour, 00",Cereal Grains and Pasta,per_100g,356.88,11.4,74.4,1.52,"0.2",{}
9c2c7a19-00d0-40c6-809d-cf11936250d9,"Almond milk, unsweetened, plain, refrigerated",Beverages,per_100g,19.348,"0.656","0.671",1.56,"0.1",{}
6206fdaf-e1f5-40fd-87cd-055f2606c27a,"Flour, semolina, coarse and semi-coarse",Cereal Grains and Pasta,per_100g,356.4,11.7,73.8,1.6,"0.2",{}
2294498e-9d1a-4a9c-a8ac-9ee716362175,"Corn, sweet, yellow and white kernels,  fresh, raw",Vegetables and Vegetable Products,per_100g,84.63,2.79,14.7,1.63,"0.2",{}
6d13c7bc-370a-403e-9fd8-eda56be8db43,"Flour, pastry, unenriched, unbleached",Cereal Grains and Pasta,per_100g,358.56,8.75,77.2,1.64,"0.2",{}
5c808d9a-10a5-415c-b086-0081d70dbaab,"Flour, bread, white, enriched, unbleached",Cereal Grains and Pasta,per_100g,363.25,14.3,72.8,1.65,"0.2",{}
bdf49201-fba5-4122-aed7-e67b9c7feab6,"Fonio, grain, dry, raw",Cereal Grains and Pasta,per_100g,369.09,7.17,81.3,1.69,"0.2",{}
aa1e6ed6-9c35-4873-924c-bec50fbc5c9b,"Wild rice, dry, raw",Cereal Grains and Pasta,per_100g,369.3,12.8,75.7,1.7,"0.2",{}
d1d122c5-4a8d-45e6-bce4-95b391701c0a,"Flour, wheat, all-purpose, unenriched, unbleached",Cereal Grains and Pasta,per_100g,361.7,"12.0",74.6,1.7,"0.2",{}
"0204bc80-6ba1-422e-84f5-f65f88eac961","Flour, corn, yellow, fine meal, enriched",Cereal Grains and Pasta,per_100g,363.66,6.2,80.8,1.74,"0.2",{}
da7b8bba-15df-492e-9016-30a2940ec91c,"Flour, semolina, fine",Cereal Grains and Pasta,per_100g,357.76,13.3,"72.0",1.84,"0.2",{}
6c0d2197-1bfd-4b12-98c4-91d4329fc529,"Milk, reduced fat, fluid, 2% milkfat, with added vitamin A and vitamin D",Dairy and Egg Products,per_100g,50.14,3.36,4.9,1.9,"0.4",{}
194ca8cb-9c0e-46a5-9509-c912fd88fa22,"Flour, rye",Cereal Grains and Pasta,per_100g,359.59,8.4,77.2,1.91,"0.2",{}
5a6c2651-449c-4997-9450-1e237525d4ca,"Lentils, dry",Legumes and Legume Products,per_100g,360.48,23.6,62.2,1.92,"0.3",{}
a13abaad-5a2b-456f-a81a-be74458cec4f,"Chicken, breast, boneless, skinless, raw",Poultry Products,per_100g,107.37,22.5,"0.0",1.93,"0.6",{}
829e706f-9c12-4654-831f-975cef7541a0,"Soy milk, sweetened, plain, refrigerated",Legumes and Legume Products,per_100g,40.76,2.78,"3.0",1.96,"0.3",{}
c42ff814-7271-4fdf-8c13-0249258dcf99,"Soy milk, unsweetened, plain, shelf stable",Legumes and Legume Products,per_100g,38.44,3.55,1.29,2.12,"0.3",{}
5856f202-5616-43ab-bc4d-11297b108082,"Beans, cannellini, dry",Legumes and Legume Products,per_100g,345.4,21.6,59.8,2.2,"0.3",{}
"05a7dd52-1ec7-4660-948b-9c95f53f3a75","Cheese, cottage, lowfat, 2% milkfat",Dairy and Egg Products,per_100g,81.94,"11.0",4.31,2.3,"0.4",{}
bb8f9cf1-9096-48c3-8a57-a010e6b60307,"Beef, round, top round roast, boneless, separable lean only, trimmed to 0"" fat, select, raw",Beef Products,per_100g,116.49,23.7,"0.0",2.41,"0.9",{}
b36ca5a0-e557-4f39-8266-ae520a37d5ce,"Blackeye pea, dry",Legumes and Legume Products,per_100g,353.78,21.2,61.8,2.42,"0.3",{}
"0297dc60-d8e4-42a0-9dd4-57642fb75888","Bulgur, dry, raw",Cereal Grains and Pasta,per_100g,372.58,11.8,75.9,2.42,"0.2",{}
c24c0c90-5799-4346-8470-6008ff09b048,"Flour, barley",Cereal Grains and Pasta,per_100g,366.53,8.72,77.4,2.45,"0.2",{}
72a1a294-6ce7-4838-9c35-a7d573fd3f08,"Fish, tilapia, farm raised, raw",Finfish and Shellfish Products,per_100g,98.32,"19.0","0.0",2.48,1.2,{}
c719abdc-c0fa-4afa-941f-8f6846398b95,"Beef, round, eye of round roast, boneless, separable lean only, trimmed to 0"" fat, select, raw",Beef Products,per_100g,115.92,23.4,"0.0",2.48,"0.9",{}
160c5975-233d-42bd-a318-7c37dd1f7244,"Flour, buckwheat",Cereal Grains and Pasta,per_100g,357.84,8.88,"75.0",2.48,"0.2",{}
25cbd40f-be6d-41d2-bce1-b77c4b7e4841,"Flour, spelt, whole grain",Cereal Grains and Pasta,per_100g,363.66,14.5,70.7,2.54,"0.2",{}
4884c43a-4dde-41cb-bc8d-726a129570c9,"Flour, whole wheat, unenriched",Cereal Grains and Pasta,per_100g,369.77,15.1,71.2,2.73,"0.2",{}
a633aaaa-6f6d-4e4c-a435-f7cf894a0cf4,"Oat milk, unsweetened, plain, refrigerated",Beverages,per_100g,48.338,"0.797",5.1,2.75,"0.1",{}
4168d3d3-1e00-43f1-9eaf-67ba3eaff82b,"Khorasan, grain, dry, raw",Cereal Grains and Pasta,per_100g,371.6,14.8,71.8,2.8,"0.2",{}
590c6c37-6fc9-49d8-8380-0c5f7d3c1b03,"Buckwheat, whole grain",Cereal Grains and Pasta,per_100g,356.16,11.1,71.1,3.04,"0.2",{}
"0793a1d2-ba5c-4891-a00e-efd37c78d694","Chickpeas (garbanzo beans, bengal gram), canned, sodium added, drained and rinsed",Legumes and Legume Products,per_100g,137.18,7.02,20.3,3.1,"0.3",{}
ffac0d53-bbd0-47ac-8ddb-d1306a1d2d86,"Farro, pearled, dry, raw",Cereal Grains and Pasta,per_100g,366.7,12.6,72.1,3.1,"0.2",{}
35faf158-bfa5-4cf5-8d52-a6e33ed5e261,"Restaurant, Chinese, fried rice, without meat",Restaurant Foods,per_100g,174.07,3.84,32.5,3.19,"0.8",{}
b9a06193-d684-4f71-902e-372ca933acdd,"Milk, whole, 3.25% milkfat, with added vitamin D",Dairy and Egg Products,per_100g,"60.40",3.27,4.63,3.2,"0.4",{}
c62792a1-b191-4d25-a8e0-f32172679628,"Sorghum flour, white, pearled, unenriched, dry, raw",Cereal Grains and Pasta,per_100g,363.96,10.2,73.5,3.24,"0.2",{}
811d9199-0f81-437d-8b3a-54725a9085be,"Chicken, broiler or fryers, breast, skinless, boneless, meat only, cooked, braised",Poultry Products,per_100g,157.56,32.1,"0.0",3.24,"0.6",{}
81e7deaa-ceac-4bab-839b-cd5204a6a2d8,"Sorghum grain, white, pearled, unenriched, dry, raw",Cereal Grains and Pasta,per_100g,369.74,10.2,74.9,3.26,"0.2",{}
b1f11f3e-bd48-4d2f-abe6-f93b3ab1287c,"Rice, brown, long grain, unenriched, raw",Cereal Grains and Pasta,per_100g,365.59,7.25,76.7,3.31,"0.2",{}
7f1b3e62-9c14-48d4-b482-2efa907991cd,"Flour, soy, defatted",Legumes and Legume Products,per_100g,365.97,51.1,32.9,3.33,"0.3",{}
6f16984f-e16e-481a-bff0-4e501e1dbcf3,"Mustard, prepared, yellow",Spices and Herbs,per_100g,68.62,4.25,5.3,3.38,"2.0",{}
946e0992-fab9-4c71-af04-c9124959cb5c,"Rice, red, unenriched, dry, raw",Cereal Grains and Pasta,per_100g,"370.00",8.56,76.2,3.44,"0.2",{}
94617126-5668-40e6-bf2a-39def25c0ed9,"Rice, black, unenriched, raw",Cereal Grains and Pasta,per_100g,370.04,7.57,77.2,3.44,"0.2",{}
afaff263-16a9-46e8-9bad-83fa93907a9b,"Bread, whole-wheat, commercially prepared",Baked Products,per_100g,253.55,12.3,43.1,3.55,"0.4",{}
"09566397-3213-46c9-8747-2d9fd11c4593","Bread, white, commercially prepared",Baked Products,per_100g,266.83,9.43,49.2,3.59,"0.4",{}
1fc173e6-c856-4865-9e28-814893050d44,"Flour, sorghum",Cereal Grains and Pasta,per_100g,374.99,8.27,77.4,3.59,"0.2",{}
91e6e8c4-99f2-48da-b0ed-fa96c9cd15c8,"Ham, sliced, restaurant",Pork Products,per_100g,120.96,19.6,2.36,3.68,"0.7",{}
cd0f6ad9-b65a-4eaa-a1ba-f31e3a17633b,"Ham, sliced, pre-packaged, deli meat (96%fat free, water added)",Sausages and Luncheon Meats,per_100g,101.45,16.7,"0.27",3.73,"0.6",{}
bb2b29f7-b99e-4a23-92e1-c477ad71054b,"Einkorn, grain, dry, raw",Cereal Grains and Pasta,per_100g,369.49,15.1,68.7,3.81,"0.2",{}
6549e646-e7d2-491f-a5b7-d51d74756c47,"Flour, rice, brown",Cereal Grains and Pasta,per_100g,365.41,7.19,75.5,3.85,"0.2",{}
89255c18-bddc-44b1-b5b3-b05e3ae7d454,"Pork, loin, tenderloin, boneless, raw",Pork Products,per_100g,121.5,21.6,"0.0",3.9,"0.7",{}
2f26c6bd-021e-4dd5-9cc6-e7a3ac4cf609,"Millet, whole grain",Cereal Grains and Pasta,per_100g,375.31,"10.0",74.4,4.19,"0.2",{}
54f45009-f59e-486c-a998-76655624b8bc,"Cottage cheese, full fat, large or small curd",Dairy and Egg Products,per_100g,102.78,11.6,4.6,4.22,"0.4",{}
e95acf59-1369-483f-8682-5eeefb0bf082,"Sorghum, whole grain, white, dry, raw",Cereal Grains and Pasta,per_100g,372.78,10.1,73.6,4.22,"0.2",{}
3befc7b9-4905-4391-a453-5e3d577be417,"Corn flour, masa harina, white or yellow, dry, raw",Cereal Grains and Pasta,per_100g,"376.10",7.56,76.7,4.34,"0.2",{}
2c83c886-91bd-4253-aa50-0fef6f48cb5d,"Yogurt, Greek, plain, whole milk",Dairy and Egg Products,per_100g,93.63,8.78,4.75,4.39,"0.4",{}
e1b88697-d591-401f-b200-3c9512e732bd,"Yogurt, plain, whole milk",Dairy and Egg Products,per_100g,77.88,3.82,5.57,4.48,"0.4",{}
e5fc02f5-ee9a-4c66-9b91-4e55810fc756,"Flour, chestnut",Nut and Seed Products,per_100g,384.92,5.29,80.5,4.64,"1.0",{}
ec34ab6d-0e04-40a7-b9ca-36e78f5309e1,"Chicken, breast, meat and skin, raw",Poultry Products,per_100g,128.62,21.4,"0",4.78,"0.6",{}
ba2ca37d-3c93-4596-8987-d306d3848dce,"Fish, salmon, sockeye, wild caught, raw",Finfish and Shellfish Products,per_100g,133.66,22.3,"0.0",4.94,1.2,{}
d7a7ea94-4aae-4b64-9bfb-36aee21eebc9,"Beef, short loin, porterhouse steak, separable lean only, trimmed to 1/8"" fat, select, raw",Beef Products,per_100g,138.68,22.7,"0.0",5.32,"0.9",{}
fb76126c-8e54-43ff-9336-b8ded29c015a,"Pork, chop, center cut, raw",Pork Products,per_100g,140.52,22.8,"0",5.48,"0.7",{}
ee168c3b-8b51-4f83-8051-e0e79493b7b1,"Beef, round, top round, boneless, choice, raw",Beef Products,per_100g,140.708,21.5,"0.852",5.7,"0.9",{}
31a5f1ee-3e99-4de8-a1c5-dea800f1248f,"Beef, top sirloin steak, raw",Beef Products,per_100g,140.262,"22.0","0.218",5.71,"0.9",{}
134f31ef-94ba-4e0b-a09f-1aefe7770dcf,"Oats, whole grain, steel cut",Cereal Grains and Pasta,per_100g,381.4,12.5,69.8,5.8,"0.2",{}
"01c27023-7ef5-41b3-92ef-70fa649c3adc","Oats, whole grain, rolled, old fashioned",Cereal Grains and Pasta,per_100g,381.81,13.5,68.7,5.89,"0.2",{}
4abcacc1-56f9-4582-b858-410bf952d325,"Chicken, drumstick, meat and skin, raw",Poultry Products,per_100g,127.06,18.4,"0",5.94,"0.6",{}
d3c1a7eb-e162-49af-bf38-dd6ee19d9aa8,"Chicken, broilers or fryers, drumstick, meat only, cooked, braised",Poultry Products,per_100g,149.15,23.9,"0.0",5.95,"0.6",{}
370dd846-0f2f-4e7e-bf04-a94f385def31,"Flour, amaranth",Cereal Grains and Pasta,per_100g,384.16,13.2,68.8,6.24,"0.2",{}
316a4bc2-96b2-4269-9c22-44f3e0d0a808,"Chickpeas, (garbanzo beans, bengal gram), dry",Legumes and Legume Products,per_100g,383.23,21.3,60.4,6.27,"0.3",{}
33a5781c-08b7-46b2-bd6f-f04a43c44510,"Flour, oat, whole grain",Cereal Grains and Pasta,per_100g,389.19,13.2,69.9,6.31,"0.2",{}
b8bb58a4-0334-40cb-9671-f712d7c0541b,"Beef, loin, tenderloin roast, separable lean only, boneless, trimmed to 0"" fat, select, cooked, roasted",Beef Products,per_100g,168.04,27.7,"0.0",6.36,"0.9",{}
8d429248-2967-4b50-b9fe-6ad5817cb126,"Beef, loin, top loin steak, boneless, lip-on, separable lean only, trimmed to 1/8"" fat, choice, raw",Beef Products,per_100g,148.71,22.8,"0.0",6.39,"0.9",{}
f4e134a6-60b5-4ede-b0df-a21e6f66e126,"Beef, tenderloin steak, raw",Beef Products,per_100g,143.26,21.1,"0.18",6.46,"0.9",{}
d4465a78-d534-4849-944f-09ff0aa9e651,"Flour, quinoa",Cereal Grains and Pasta,per_100g,"385.0",11.9,69.5,6.6,"0.2",{}
b32e1132-5781-4be8-90db-9223d8dec2eb,"Chicken, ground, with additives, raw",Poultry Products,per_100g,136.04,17.9,"0.0",7.16,"0.6",{}
ee8bbd15-cae6-4368-bbc6-05cad8fdcbc8,"Fish, catfish, farm raised, raw",Finfish and Shellfish Products,per_100g,131.79,16.5,"0.0",7.31,1.2,{}
7ce0dced-cabb-4790-8e6f-23ed41da1db2,"Chicken, thigh, boneless, skinless, raw",Poultry Products,per_100g,145.68,18.6,"0.0",7.92,"0.6",{}
9d309ba0-a730-41d7-9cb7-662707a51ecf,"Bison, ground, raw","Lamb, Veal, and Game Products",per_100g,159.52,19.9,"0",8.88,"1.0",{}
c5cecac2-4527-4fd9-93a4-2cd553cf8679,"Restaurant, Latino, pupusas con frijoles (pupusas, bean)",Restaurant Foods,per_100g,229.45,5.59,31.5,9.01,"0.8",{}
720af66c-3894-4bbf-8eb9-2a1ba5339a9c,"Restaurant, Latino, tamale, pork",Restaurant Foods,per_100g,174.08,7.38,15.8,9.04,"0.8",{}
e1d5d75d-eb97-446b-b6f9-23d2aedb1e79,"Sorghum bran, white, unenriched, dry, raw",Cereal Grains and Pasta,per_100g,402.94,11.2,68.7,9.26,"0.2",{}
9ba6a393-1247-427f-84bc-a0941e7860b2,"Beef, flank, steak, boneless, choice, raw",Beef Products,per_100g,"165.0",20.1,"0.0",9.4,"0.9",{}
5455b308-c783-4093-ab8e-becc43873352,"Pork, loin, boneless, raw",Pork Products,per_100g,169.63,21.1,"0.0",9.47,"0.7",{}
8f9e42ac-9e80-4ffb-9615-c93615cfc292,"Turkey, ground, 93% lean/ 7% fat, raw",Poultry Products,per_100g,155.51,17.3,"0.0",9.59,"0.6",{}
24b02f5a-b289-4a58-8ee5-4f197fbc34f9,"Eggs, Grade A, Large, egg whole",Dairy and Egg Products,per_100g,143.08,12.4,"0.96",9.96,"0.4",{}
b7b23db3-593b-46fb-93b2-7c8ee48450ad,"Egg, whole, raw, frozen, pasteurized",Dairy and Egg Products,per_100g,145.54,12.3,"0.91",10.3,"0.4",{}
"0158b666-546b-4e73-a5d7-9d648947c1ec","Sausage, turkey, breakfast links, mild, raw",Sausages and Luncheon Meats,per_100g,164.12,16.7,"0.93",10.4,"0.6",{}
79fbc339-2d77-495c-bdac-e88650e5edb8,"Chicken, wing, meat and skin, raw",Poultry Products,per_100g,"169.0",18.4,"0",10.6,"0.6",{}
64a54df3-1c40-4e2b-a851-ff0da822eb60,"Cheese, ricotta, whole milk",Dairy and Egg Products,per_100g,157.68,7.81,6.86,"11.0","0.4",{}
96569461-2595-4236-8646-3de1ad1ac528,"Beef, short loin, t-bone steak, bone-in, separable lean only, trimmed to 1/8"" fat, choice, cooked, grilled",Beef Products,per_100g,211.8,27.3,"0.0",11.4,"0.9",{}
89915331-3901-4aa9-8126-7bf964cc4d4e,"Beef, short loin (NY strip steak), raw",Beef Products,per_100g,189.584,21.3,"0.221",11.5,"0.9",{}
40a20cbe-0bb9-4f79-adc1-8d2718004f04,"Turkey, ground, 93% lean, 7% fat, pan-broiled crumbles",Poultry Products,per_100g,212.8,27.1,"0.0",11.6,"0.6",{}
630ae544-3589-44e0-a733-19a00366f0ea,"Beef, ground, 90% lean meat / 10% fat, raw",Beef Products,per_100g,"188.0",18.2,"0.0",12.8,"0.9",{}
b26fe943-993a-40e1-80c2-aaa6125b41cd,"Olives, green, Manzanilla, stuffed with pimiento",Fruits and Fruit Juices,per_100g,140.54,1.15,4.96,12.9,"0.3",{}
971a8e46-abf5-4be9-b549-0940f82807e8,"Fish, salmon, Atlantic, farm raised, raw",Finfish and Shellfish Products,per_100g,199.1,20.3,"0.0",13.1,1.2,{}
dc2154cc-4b5d-4993-ac97-05aa721885d0,"Chicken, thigh, meat and skin, raw",Poultry Products,per_100g,"189.0",17.1,"0",13.4,"0.6",{}
3bb0e279-65dd-4379-8608-31873d682258,"Restaurant, Chinese, sweet and sour pork",Restaurant Foods,per_100g,259.92,8.88,25.5,13.6,"0.8",{}
dbc1a20e-ae1f-43cf-9fa2-321c826d9e54,"Cookies, oatmeal, soft, with raisins",Baked Products,per_100g,430.26,5.79,69.6,14.3,"0.4",{}
1bf1e979-9652-4b4c-a42c-2220e47178e6,"Onion rings, breaded, par fried, frozen, prepared, heated in oven",Vegetables and Vegetable Products,per_100g,292.88,4.52,36.3,14.4,"0.2",{}
15df0dfb-3271-4a9a-aade-5b8683d088ef,"Flour, coconut",Nut and Seed Products,per_100g,437.7,16.1,58.9,15.3,"1.0",{}
ac9e1a1f-cd57-4a4f-b95b-9486253c2738,"Hummus, commercial",Legumes and Legume Products,per_100g,"242.90",7.35,14.9,17.1,"0.3",{}
e3be91fb-c605-44b6-8664-b22a9302c20d,"Pork, ground, raw",Pork Products,per_100g,228.7,17.8,"0.0",17.5,"0.7",{}
a0368d70-a30d-43e9-a915-469d91c95f94,"Beef, chuck, roast, boneless, choice, raw",Beef Products,per_100g,233.8,18.4,"0.0",17.8,"0.9",{}
47a42dba-9a8e-426e-9112-5e3888619305,"Cream, sour, full fat",Dairy and Egg Products,per_100g,196.52,3.07,5.56,"18.0","0.4",{}
9c02cc86-e7da-4d02-a307-dd0a2acd9d9e,"Lamb, ground, raw","Lamb, Veal, and Game Products",per_100g,237.4,17.5,"0",18.6,"1.0",{}
6b687241-217d-4b3e-ba2c-88d05ffbb134,"Cheese, feta, whole milk, crumbled",Dairy and Egg Products,per_100g,273.02,19.7,5.58,19.1,"0.4",{}
"03b5e84e-35fd-4185-8db0-ad4dcc0cf762","Beef, ground, 80% lean meat / 20% fat, raw",Beef Products,per_100g,244.6,17.5,"0.0",19.4,"0.9",{}
715df662-8897-4590-a447-8438d214faf8,"Beef, ribeye, steak, boneless, choice, raw",Beef Products,per_100g,254.8,18.7,"0.0","20.0","0.9",{}
8aef35fa-940b-4cd1-83d4-43a5e862c857,"Avocado, Hass, peeled, raw",Fruits and Fruit Juices,per_100g,223.22,1.81,8.32,20.3,"0.3",{}
fce09403-ff6c-4f67-bb86-bfaf42efa0f5,"Cheese, mozzarella, low moisture, part-skim",Dairy and Egg Products,per_100g,296.16,23.7,4.44,20.4,"0.4",{}
3ea4bed9-a163-431e-b613-f980ffa3ad9f,"Flour, soy, full-fat",Legumes and Legume Products,per_100g,452.3,38.6,27.9,20.7,"0.3",{}
4afbc810-3f36-4197-9f0c-bc14795de1d1,"Cheese, oaxaca, solid",Dairy and Egg Products,per_100g,296.9,22.1,2.4,22.1,"0.4",{}
"03b16bac-9169-4a41-9f83-f46497f89dc9","Cheese, queso fresco, solid",Dairy and Egg Products,per_100g,298.04,18.9,2.96,23.4,"0.4",{}
978f2812-b3cf-42f2-8730-ff552457261c,"Cheese, pasteurized process cheese food or product, American, singles",Dairy and Egg Products,per_100g,310.26,15.6,8.19,23.9,"0.4",{}
c74ca656-dd5e-4849-9ac0-5079671d1e59,"Cheese, dry white, queso seco",Dairy and Egg Products,per_100g,324.98,24.5,2.07,24.3,"0.4",{}
850ff048-5b3e-4a88-a140-1836d78b8b0b,"Egg, yolk, raw, frozen, pasteurized",Dairy and Egg Products,per_100g,290.66,15.6,"0.59",25.1,"0.4",{}
"0b78c964-063f-4f82-9b4a-9e4b3afd10dc","Sausage, Italian, pork, mild, cooked, pan-fried",Sausages and Luncheon Meats,per_100g,"317.20",18.2,2.15,26.2,"0.6",{}
c3024a71-ffcd-4bb1-8a8b-b5ba20bd8b71,"Cheese, cotija, solid",Dairy and Egg Products,per_100g,350.88,23.8,2.72,27.2,"0.4",{}
4dc3bf70-7f92-4075-9f40-922b3ab5bca4,"Cheese, parmesan, grated",Dairy and Egg Products,per_100g,"420.0",29.6,12.4,"28.0","0.4",{}
2f3a99ed-21a7-404c-b975-8d68b955cc3f,"Frankfurter, beef, unheated",Sausages and Luncheon Meats,per_100g,310.36,11.7,2.89,"28.0","0.6",{}
6fb23f4c-b560-4f76-9a03-51b538573deb,"Cheese, provolone, sliced",Dairy and Egg Products,per_100g,"356.70",23.5,2.45,28.1,"0.4",{}
a3051589-f894-42eb-8a95-2643c3140cbe,"Sausage, pork, chorizo, link or ground, cooked, pan-fried",Sausages and Luncheon Meats,per_100g,340.62,19.3,2.63,28.1,"0.6",{}
adaf5c3a-14ce-4fe7-bfb8-0d6e51b86ff2,"Sausage, breakfast sausage, beef, pre-cooked, unprepared",Sausages and Luncheon Meats,per_100g,324.98,13.3,3.37,28.7,"0.6",{}
713820c7-baf7-42cc-9ec0-aacaac0195b7,"Eggs, Grade A, Large, egg yolk",Dairy and Egg Products,per_100g,328.08,16.2,1.02,28.8,"0.4",{}
56947ea5-8aad-44f7-a3e3-97948c6dcd98,"Cheese, parmesan, grated, refrigerated",Dairy and Egg Products,per_100g,403.22,30.1,4.33,29.5,"0.4",{}
3dd6b4ba-1dfc-47f2-a155-c419b18002c4,"Cheese, pasteurized process, American, vitamin D fortified",Dairy and Egg Products,per_100g,368.48,"18.0",5.27,30.6,"0.4",{}
c131c7ff-02f5-40d4-a594-dfbd2b91c10c,"Cheese, swiss",Dairy and Egg Products,per_100g,392.76,"27.0",1.44,"31.0","0.4",{}
4986c4ff-4940-4f90-801d-5de2029982e1,"Cheese, American, restaurant",Dairy and Egg Products,per_100g,"375.30",17.5,6.35,31.1,"0.4",{}
44601476-9cd5-4501-a401-ec97841435e4,"Cheese, monterey jack, solid",Dairy and Egg Products,per_100g,391.4,22.6,1.9,32.6,"0.4",{}
cbc915da-fd8d-4189-8fa4-779a0a15ff8c,"Chia seeds, dry, raw",Cereal Grains and Pasta,per_100g,517.3,"17.0",38.3,32.9,"0.2",{}
96efae95-aa3e-44f4-90ba-8089e186be30,"Cream cheese, full fat, block",Dairy and Egg Products,per_100g,"342.90",5.79,4.56,33.5,"0.4",{}
c4869153-9978-4858-94b3-93d56a1d4177,"Cheese, cheddar",Dairy and Egg Products,per_100g,408.96,23.3,2.44,"34.0","0.4",{}
ecd1c007-84d7-4e1d-99a8-43d8c07c5a8f,"Cream, heavy",Dairy and Egg Products,per_100g,343.68,2.02,3.8,35.6,"0.4",{}
f8aaada3-0372-45dc-ade4-4c50a19ac64f,"Pork, belly, with skin, raw",Pork Products,per_100g,"383.0",15.2,"0",35.8,"0.7",{}
3fb74f49-938b-417e-97be-c7c2c43d6e52,"Pork, cured, bacon, cooked, restaurant",Pork Products,per_100g,500.5,40.9,2.1,36.5,"0.7",{}
1def660c-0fa3-4791-ab23-81a9bd51ec21,"Flaxseed, ground",Nut and Seed Products,per_100g,545.3,"18.0",34.4,37.3,"1.0",{}
46e43d54-49c0-4f80-8b72-eb665410b9ee,"Nuts, cashew nuts, raw",Nut and Seed Products,per_100g,564.9,17.4,36.3,38.9,"1.0",{}
"09998fae-de86-480d-810c-759e8b1f90b6","Egg, whole, dried",Dairy and Egg Products,per_100g,558.08,48.1,1.87,39.8,"0.4",{}
4e3dae1b-df65-417e-b127-59e950ee8f33,"Seeds, pumpkin seeds (pepitas), raw",Nut and Seed Products,per_100g,554.4,29.9,18.7,"40.0","1.0",{}
35c2a5b4-d2e5-498f-bacb-ecbdc8b8129f,"Peanuts, raw",Legumes and Legume Products,per_100g,588.5,23.2,26.5,43.3,"0.3",{}
a9f45572-9313-43f8-a948-770493d53860,"Nuts, pistachio nuts, raw",Nut and Seed Products,per_100g,597.8,20.5,27.7,"45.0","1.0",{}
"0c41920c-6b32-48bc-b519-a0f6c3a52460","Seeds, sunflower seed, kernel, raw",Nut and Seed Products,per_100g,609.2,18.9,24.5,48.4,"1.0",{}
"065c968b-1c5b-40b3-8adc-2818bff5cdd4","Peanut butter, creamy",Legumes and Legume Products,per_100g,631.4,"24.0",22.7,49.4,"0.3",{}
6a015afb-3d3e-4e02-aca7-40992f7beae8,"Flour, almond",Nut and Seed Products,per_100g,621.4,26.2,16.2,50.2,"1.0",{}
7e41d40a-229e-4e9e-a8b5-24b4f6e18368,"Nuts, almonds, whole, raw",Nut and Seed Products,per_100g,625.9,21.5,"20.0",51.1,"1.0",{}
aba5dfa1-729a-43ff-a754-ce0bd161d216,"Almond butter, creamy",Nut and Seed Products,per_100g,"645.0",20.8,21.2,"53.0","1.0",{}
bf189b26-01a4-4299-a17b-07ca070897dc,"Nuts, hazelnuts or filberts, raw",Nut and Seed Products,per_100g,641.5,13.5,26.5,53.5,"1.0",{}
b9f16f7e-5e4a-43eb-b22f-7203853cdf57,"Egg, yolk, dried",Dairy and Egg Products,per_100g,640.58,34.2,1.07,55.5,"0.4",{}
"0ca080b5-89a3-4f37-acf4-ede926d3ee91","Seeds, sunflower seed kernels, dry roasted, with salt added",Nut and Seed Products,per_100g,657.3,"21.0",17.1,56.1,"1.0",{}
c264ce2c-5a60-468c-afd1-31f76cce1600,"Nuts, brazilnuts, raw",Nut and Seed Products,per_100g,"663.0","15.0",21.6,57.4,"1.0",{}
f541003f-1056-477a-9597-11e73ce026b0,"Nuts, almonds, dry roasted, with salt added",Nut and Seed Products,per_100g,666.6,20.4,16.2,57.8,"1.0",{}
fdd7462e-99f5-4afd-839e-11a7d39b3080,"Nuts, pine nuts, raw",Nut and Seed Products,per_100g,688.9,15.7,18.6,61.3,"1.0",{}
7abd0630-e451-4858-a3c5-05374af56944,"Sesame butter, creamy",Nut and Seed Products,per_100g,697.2,19.7,14.2,62.4,"1.0",{}
8258aad5-d6fc-4e54-9726-04b70bc37108,"Nuts, macadamia nuts, raw",Nut and Seed Products,per_100g,711.66,7.79,24.1,64.9,"1.0",{}
8396a9f1-7790-4486-b45f-1af10ac49be5,"Nuts, walnuts, English, halves, raw",Nut and Seed Products,per_100g,729.3,14.6,10.9,69.7,"1.0",{}
"0e913996-ec06-4ac9-8e7a-c996d794f702","Nuts, pecans, halves, raw",Nut and Seed Products,per_100g,750.34,9.96,12.7,73.3,"1.0",{}
bcdcb175-e8c4-475c-b9e7-f29668472fe5,"Butter, stick, unsalted",Dairy and Egg Products,per_100g,733.5,"0","0",81.5,"0.4",{}
17c8a602-4178-472d-88db-5c03a6e485d1,"Butter, stick, salted",Dairy and Egg Products,per_100g,739.8,"0","0",82.2,"0.4",{}
62f6621e-20ea-439a-87ed-42eed3ef15ee,"Oil, coconut",Fats and Oils,per_100g,895.26,"0.0","0.84",99.1,"0.6",{}